<?xml version="1.0" encoding="UTF-8"?>
<!DOCTYPE hibernate-configuration SYSTEM 
"http://www.hibernate.org/dtd/hibernate-configuration-3.0.dtd">
<hibernate-configuration>

<session-factory>
<property name="hibernate.connection.driver_class">com.mysql.cj.jdbc.Driver</property>
<property name="hibernate.connection.url">jdbc:mysql://localhost/postman_db</property>
<property name="hibernate.connection.username">root</property>
<property name="hibernate.connection.password">Sanket@123</property>
 <property name="hbm2ddl.auto">update</property> 
<property name="show_sql">true</property>
<property name="hibernate.dialect">org.hibernate.dialect.MySQLDialect</property>

<mapping class="com.soft.User"></mapping>
</session-factory>

</hibernate-configuration>